,team,n_coms,perc_flaired_auth,perc_rnfl_related,perc_nfl_related,perc_self_related,perc_other_related,avg_rnfl_sent,avg_nfl_sent,avg_self_sent,avg_other_sent
0,bengals,365,1.0,0.589041095890411,1.0,0.4054794520547945,0.005479452054794521,"[np.float64(0.10736018625903378), np.float64(0.03255813953488372)]","[np.float64(0.10314743378642184), np.float64(0.024657534246575342)]","[np.float64(0.09505117085372772), np.float64(0.013513513513513514)]","[np.float64(0.2494), np.float64(0.0)]"
1,minnesotavikings,171,1.0,0.39766081871345027,1.0,0.6023391812865497,0.0,"[np.float64(0.05763675377279752), np.float64(0.014705882352941176)]","[np.float64(0.06592273269092425), np.float64(0.05263157894736842)]","[np.float64(0.07139308770483312), np.float64(0.07766990291262135)]","[nan, np.float64(nan)]"
2,buffalobills,281,1.0,0.6014234875444839,1.0,0.39501779359430605,0.0035587188612099642,"[np.float64(0.036049249903836456), np.float64(0.029585798816568046)]","[np.float64(0.05946483290178575), np.float64(0.02491103202846975)]","[np.float64(0.09449815145633728), np.float64(0.018018018018018018)]","[np.float64(0.128), np.float64(0.0)]"
3,chibears,646,1.0,0.39009287925696595,1.0,0.6099071207430341,0.0,"[np.float64(0.08753512095742157), np.float64(0.031746031746031744)]","[np.float64(0.09920792756605785), np.float64(0.021671826625386997)]","[np.float64(0.1066737835695511), np.float64(0.015228426395939087)]","[nan, np.float64(nan)]"
4,raiders,459,1.0,0.2984749455337691,1.0,0.6949891067538126,0.006535947712418301,"[np.float64(0.02611609478651515), np.float64(0.08029197080291971)]","[np.float64(0.07809989381312905), np.float64(0.032679738562091505)]","[np.float64(0.10021223995759768), np.float64(0.012539184952978056)]","[np.float64(0.10074724266666667), np.float64(0.0)]"
5,ravens,429,1.0,0.32167832167832167,1.0,0.6666666666666666,0.011655011655011656,"[np.float64(0.03782822616853018), np.float64(0.028985507246376812)]","[np.float64(0.07311311069313091), np.float64(0.027972027972027972)]","[np.float64(0.08960523056910022), np.float64(0.027972027972027972)]","[np.float64(0.10362666666666664), np.float64(0.0)]"
6,kansascitychiefs,501,1.0,0.40119760479041916,1.0,0.5988023952095808,0.0,"[np.float64(0.08593609317026288), np.float64(0.01990049751243781)]","[np.float64(0.10705674613536602), np.float64(0.015968063872255488)]","[np.float64(0.12120758362198515), np.float64(0.013333333333333334)]","[nan, np.float64(nan)]"
7,denverbroncos,407,1.0,0.35135135135135137,1.0,0.6461916461916462,0.002457002457002457,"[np.float64(0.09656749518941851), np.float64(0.006993006993006993)]","[np.float64(0.0516342670821359), np.float64(0.0171990171990172)]","[np.float64(0.03002583608495233), np.float64(0.022813688212927757)]","[np.float64(-0.6908), np.float64(0.0)]"
8,browns,621,1.0,0.214170692431562,1.0,0.782608695652174,0.00322061191626409,"[np.float64(0.05438023287956593), np.float64(0.03007518796992481)]","[np.float64(0.016679739880085597), np.float64(0.024154589371980676)]","[np.float64(0.007015118297429813), np.float64(0.02263374485596708)]","[np.float64(-0.14190000000000003), np.float64(0.0)]"
9,commanders,307,1.0,0.18892508143322476,1.0,0.8110749185667753,0.0,"[np.float64(0.024639742241204878), np.float64(0.034482758620689655)]","[np.float64(0.0437022700282651), np.float64(0.026058631921824105)]","[np.float64(0.04814253754492973), np.float64(0.024096385542168676)]","[nan, np.float64(nan)]"
10,greenbaypackers,518,1.0,0.3436293436293436,1.0,0.6525096525096525,0.003861003861003861,"[np.float64(0.07670270754689813), np.float64(0.033707865168539325)]","[np.float64(0.06463450776712651), np.float64(0.025096525096525095)]","[np.float64(0.05656798063616469), np.float64(0.020710059171597635)]","[np.float64(0.35380781250000004), np.float64(0.0)]"
11,miamidolphins,435,1.0,0.4689655172413793,1.0,0.5264367816091954,0.004597701149425287,"[np.float64(0.0790503028386389), np.float64(0.0392156862745098)]","[np.float64(0.05213485284587917), np.float64(0.020689655172413793)]","[np.float64(0.028631326515651923), np.float64(0.004366812227074236)]","[np.float64(-0.0020872816045940375), np.float64(0.0)]"
12,falcons,203,1.0,0.4876847290640394,1.0,0.5123152709359606,0.0,"[np.float64(0.0921882721370068), np.float64(0.010101010101010102)]","[np.float64(0.0823456376785886), np.float64(0.009852216748768473)]","[np.float64(0.07297620679990205), np.float64(0.009615384615384616)]","[nan, np.float64(nan)]"
13,49ers,655,1.0,0.23511450381679388,1.0,0.7358778625954199,0.02900763358778626,"[np.float64(0.13199838006447734), np.float64(0.006493506493506494)]","[np.float64(0.057633631892031474), np.float64(0.021374045801526718)]","[np.float64(0.03351320516046312), np.float64(0.026970954356846474)]","[np.float64(0.0667849195793625), np.float64(0.0)]"
14,steelers,812,1.0,0.2105911330049261,1.0,0.7783251231527094,0.011083743842364532,"[np.float64(0.04430882723369587), np.float64(0.023391812865497075)]","[np.float64(0.047981390400402134), np.float64(0.02832512315270936)]","[np.float64(0.048074756669036725), np.float64(0.030063291139240507)]","[np.float64(0.11120370370370372), np.float64(0.0)]"
15,detroitlions,464,1.0,0.1875,1.0,0.8125,0.0,"[np.float64(0.07955574451357886), np.float64(0.011494252873563218)]","[np.float64(0.05850589706213935), np.float64(0.05818965517241379)]","[np.float64(0.053648239957961), np.float64(0.06896551724137931)]","[nan, np.float64(nan)]"
16,colts,409,1.0,0.1491442542787286,1.0,0.8508557457212714,0.0,"[np.float64(0.031378724030965394), np.float64(0.01639344262295082)]","[np.float64(0.06636987225422178), np.float64(0.022004889975550123)]","[np.float64(0.072503378120942), np.float64(0.022988505747126436)]","[nan, np.float64(nan)]"
17,seahawks,394,1.0,0.5710659898477157,1.0,0.4263959390862944,0.0025380710659898475,"[np.float64(0.06190155678879798), np.float64(0.017777777777777778)]","[np.float64(0.08107630731059698), np.float64(0.01015228426395939)]","[np.float64(0.10337865954104564), np.float64(0.0)]","[np.float64(0.6486), np.float64(0.0)]"
18,saints,188,1.0,0.4787234042553192,1.0,0.5053191489361702,0.015957446808510637,"[np.float64(0.015034352737348277), np.float64(0.011111111111111112)]","[np.float64(0.056304731028924394), np.float64(0.015957446808510637)]","[np.float64(0.09608422516610682), np.float64(0.021052631578947368)]","[np.float64(0.03473209876543207), np.float64(0.0)]"
19,patriots,285,1.0,0.6947368421052632,1.0,0.30526315789473685,0.0,"[np.float64(0.03631755201655166), np.float64(0.045454545454545456)]","[np.float64(0.05444197363580679), np.float64(0.031578947368421054)]","[np.float64(0.09569065732100812), np.float64(0.0)]","[nan, np.float64(nan)]"
20,eagles,171,1.0,0.7426900584795322,1.0,0.2573099415204678,0.0,"[np.float64(0.08090946323906281), np.float64(0.023622047244094488)]","[np.float64(0.07137811494211171), np.float64(0.017543859649122806)]","[np.float64(0.04386717781227551), np.float64(0.0)]","[nan, np.float64(nan)]"
21,panthers,567,1.0,0.3562610229276896,1.0,0.6261022927689595,0.01763668430335097,"[np.float64(0.13745851463273606), np.float64(0.009900990099009901)]","[np.float64(0.12642719251021828), np.float64(0.014109347442680775)]","[np.float64(0.11302896618372657), np.float64(0.016901408450704224)]","[np.float64(0.37923152022581463), np.float64(0.0)]"
22,losangelesrams,385,1.0,0.44415584415584414,1.0,0.44675324675324674,0.10909090909090909,"[np.float64(0.10330375133726105), np.float64(0.06432748538011696)]","[np.float64(0.10557987019381329), np.float64(0.04935064935064935)]","[np.float64(0.11091424453608068), np.float64(0.03488372093023256)]","[np.float64(0.09300139251763337), np.float64(0.047619047619047616)]"
23,cowboys,302,1.0,0.40066225165562913,1.0,0.5596026490066225,0.039735099337748346,"[np.float64(0.024608472391528927), np.float64(0.03305785123966942)]","[np.float64(0.06718090321446092), np.float64(0.019867549668874173)]","[np.float64(0.09869622240193264), np.float64(0.011834319526627219)]","[np.float64(0.05261216878879834), np.float64(0.0)]"
24,nyjets,344,1.0,0.08139534883720931,1.0,0.9098837209302325,0.00872093023255814,"[np.float64(0.002963247365976195), np.float64(0.10714285714285714)]","[np.float64(0.06028405341968514), np.float64(0.02616279069767442)]","[np.float64(0.06161349818404419), np.float64(0.019169329073482427)]","[np.float64(0.45657283950617283), np.float64(0.0)]"
25,chargers,682,1.0,0.36950146627565983,1.0,0.6275659824046921,0.002932551319648094,"[np.float64(0.00031985890023788864), np.float64(0.04365079365079365)]","[np.float64(-0.0020858736351538746), np.float64(0.02785923753665689)]","[np.float64(-0.002423119771109558), np.float64(0.018691588785046728)]","[np.float64(-0.2330375), np.float64(0.0)]"
26,texans,273,1.0,0.19413919413919414,1.0,0.8058608058608059,0.0,"[np.float64(0.08332725095431516), np.float64(0.018867924528301886)]","[np.float64(0.07204270273228111), np.float64(0.014652014652014652)]","[np.float64(0.06932415247879109), np.float64(0.013636363636363636)]","[nan, np.float64(nan)]"
27,buccaneers,760,1.0,0.26052631578947366,1.0,0.7381578947368421,0.0013157894736842105,"[np.float64(0.07398853019850778), np.float64(0.015151515151515152)]","[np.float64(0.04466913679576516), np.float64(0.011842105263157895)]","[np.float64(0.03478986628427269), np.float64(0.0106951871657754)]","[np.float64(-0.2183), np.float64(0.0)]"
28,tennesseetitans,713,1.0,0.23842917251051893,1.0,0.761570827489481,0.0,"[np.float64(0.04168532139143575), np.float64(0.029411764705882353)]","[np.float64(0.07162340053391206), np.float64(0.014025245441795231)]","[np.float64(0.08099627982345346), np.float64(0.009208103130755065)]","[nan, np.float64(nan)]"
29,nygiants,498,1.0,0.4357429718875502,1.0,0.5542168674698795,0.010040160642570281,"[np.float64(0.045582398209387774), np.float64(0.02304147465437788)]","[np.float64(0.017293719712986003), np.float64(0.01606425702811245)]","[np.float64(-0.005817683807955183), np.float64(0.010869565217391304)]","[np.float64(0.06531454732510289), np.float64(0.0)]"
30,jaguars,680,1.0,0.08823529411764706,1.0,0.9058823529411765,0.0058823529411764705,"[np.float64(-0.04861656165089667), np.float64(0.05)]","[np.float64(0.03468483971782601), np.float64(0.030882352941176472)]","[np.float64(0.04262561417460271), np.float64(0.02922077922077922)]","[np.float64(0.061326593905053524), np.float64(0.0)]"
31,azcardinals,114,1.0,0.5789473684210527,1.0,0.42105263157894735,0.0,"[np.float64(0.06079450669893379), np.float64(0.030303030303030304)]","[np.float64(0.08531991346461537), np.float64(0.02631578947368421)]","[np.float64(0.11904234776742761), np.float64(0.020833333333333332)]","[nan, np.float64(nan)]"
