in_weight,out_weight,in_sent,out_sent,in_cont,out_cont,in_score,out_score,self_sent,team
0.0003047329419831403,0.0027412280701754384,-0.026663657407407407,0.04789316134982639,0.0,0.0,0.00023802898733840552,0.00023802898733840552,0.1041021249691105,ravens
5.765682656826568e-05,0.00487012987012987,0.0137625,0.11590745987847222,0.0,0.0,1.2067966788955397e-05,1.2067966788955397e-05,0.06818705084850889,bengals
0.0005256239732481633,0.0,0.009042177854938271,0.0,0.020833333333333332,0.0,5.921636563267734e-05,5.921636563267734e-05,0.030749778905588675,browns
0.0008744517543859649,0.0010378228782287823,-0.004716087962962966,0.00857930613929865,0.0,0.015625,0.0010321437378674541,0.0010321437378674541,0.12366827027672792,steelers
5.208333333333334e-05,0.0004232505643340857,0.02075625,-0.017259375,0.0,0.0,0.0,0.0,0.06175232785431003,texans
0.002654169800664753,8.267195767195767e-05,0.012041929796006944,0.0014796875,0.0,0.0,0.0007420150775102587,0.0007420150775102587,0.05412218037175214,colts
0.0018316910226571451,0.0006032818532818533,0.023150051088686337,0.010830008443196613,0.0,0.015625,0.000318403737103475,0.000318403737103475,0.06104282499686621,jaguars
0.0003997867803837953,0.000157035175879397,-0.0012595920138888893,-0.014400390624999999,0.0,0.0,2.96147507210548e-05,2.96147507210548e-05,0.09443656242599031,tennesseetitans
0.003543619513808728,0.00011503067484662577,0.06915045272101288,0.0029977975769461588,0.01171875,0.0,0.0005724400856877702,0.0005724400856877702,0.0589016518042924,buffalobills
0.0006392428145875812,0.0010124190064794815,0.01812993960842585,0.02429820145971981,0.0,0.005208333333333333,0.0001374318492345389,0.0001374318492345389,0.07014851470311867,miamidolphins
9.910505597244434e-05,0.0011363636363636363,0.0016854600787162782,0.030208203125,0.0,0.0,0.0003146387425679242,0.0003146387425679242,0.07123877104693085,patriots
5.341880341880342e-05,0.0012335526315789473,-0.007060763888888887,-0.00578515625,0.0,0.0,8.071726604410888e-05,8.071726604410888e-05,0.0647891066713128,nyjets
0.001395254782216462,0.000398936170212766,0.007817302814950695,0.012496643518518515,0.0,0.0,0.00021181808854278672,0.00021181808854278672,0.021464197244320703,denverbroncos
0.000805602755230596,0.0015699760765550239,0.00024031569869429996,0.028235394459291366,0.015625,0.015625,4.494365484686938e-05,4.494365484686938e-05,0.09256131420680243,kansascitychiefs
0.0014312076812076813,4.228687415426252e-05,0.00495422275462963,-0.001136414921283722,0.0,0.0,0.00046985887209697897,0.00046985887209697897,0.049850908167554504,raiders
0.0003275893694686412,0.0003739316239316239,0.038716210937499995,-0.019805222800925927,0.0,0.0,3.204467740701908e-05,3.204467740701908e-05,0.028422411164223386,chargers
0.0009315033747569192,0.00025134048257372655,0.030358593750000003,-0.0009351589166666629,0.0,0.0,2.750788750111518e-05,2.750788750111518e-05,0.060924917471079296,chibears
0.0020903771630413344,0.0008522727272727272,0.029083931327160494,0.0361673541592071,0.0,0.0,0.0006460851183693443,0.0006460851183693443,0.10562333424397191,detroitlions
0.0008556133653301513,0.0003390596745027125,0.031164250578703697,0.05067795138888889,0.0,0.0,0.00028979205085005527,0.00028979205085005527,0.07258475836699431,greenbaypackers
0.0032874248713784535,0.00042115902964959566,0.029617058750846623,0.012407206239583331,0.0,0.00390625,0.0010256959290884016,0.0010256959290884016,0.09610634492298466,minnesotavikings
0.0,0.0025,0.0,0.0063543887512686695,0.0,0.0078125,0.0,0.0,0.15878151009102118,falcons
0.0,0.0016816143497757846,0.0,0.014386613031081213,0.0,0.0,0.0,0.0,0.09436245012839277,panthers
0.00028135368196152146,0.00017076502732240437,0.007073695250000003,0.018313194444444448,0.0,0.0,7.644308466185943e-05,7.644308466185943e-05,0.03225537050622049,saints
0.0006945477072153248,0.0005104355716878402,0.054337630208333335,0.011271735674768517,0.015625,0.0,0.0004513217846728901,0.0004513217846728901,0.11705736781352859,buccaneers
7.054176072234762e-05,0.0009900990099009903,-0.015434375,0.004379166666666661,0.0,0.0,9.989344698987746e-05,9.989344698987746e-05,0.006910890752913499,cowboys
0.0003340529539316012,0.0006377551020408164,0.01264904513888889,0.03625817901234568,0.0,0.0,-3.253722878667854e-05,-3.253722878667854e-05,0.05764752158376646,nygiants
0.0006901087406282569,0.0011275773195876288,0.03425047202734375,0.011384369212962962,0.0,0.0,0.00017076563621535915,0.00017076563621535915,0.0029203963182987615,eagles
0.002290267722930909,0.00026041666666666666,-0.0035466260820553644,0.02996944444444444,0.0,0.0,0.0005622932050749511,0.0005622932050749511,0.06767144228148894,commanders
0.00046125461254612545,0.0,0.007455955444854208,0.0,0.0,0.0,1.583920641050396e-05,1.583920641050396e-05,0.05326810822248453,azcardinals
0.00045423721847772476,0.00043604651162790697,0.02019757080078125,-0.005300585937499999,0.0,0.0,7.73809623755543e-05,7.73809623755543e-05,0.03518061353077321,losangelesrams
0.0004215851083084159,0.001524390243902439,0.020786945710358797,0.0012322879392521885,0.0,0.0,0.00023581282456983332,0.00023581282456983332,0.04210530452145662,49ers
0.0005755791108659311,0.0009328358208955224,0.042541015625,0.029176425646821193,0.0,0.0,0.000666699002109395,0.000666699002109395,0.04939851967467165,seahawks
