,team,min_weight,max_weight,min_sent,max_sent,min_cont,max_cont
0,bengals,0.0001415177781708827,0.011604457810012382,-0.08327413515946501,0.45460793650793657,0.0,0.1111111111111111
1,minnesotavikings,3.5420799093227545e-05,0.003471238311136299,-0.7845,0.3978734375,0.0,0.2727272727272727
2,buffalobills,3.251503820516989e-05,0.009689481385140628,-0.13935,0.456025,0.0,0.09523809523809523
3,chibears,2.585783363069842e-05,0.003697670209189874,-0.07187916666666667,0.38256055555555546,0.0,0.14285714285714285
4,raiders,5.9667651182911185e-05,0.001611026581938602,-0.35333333333333333,0.3362748900462963,0.0,0.16666666666666666
5,ravens,9.56175298804781e-05,0.004940239043824702,-0.05766863104423868,0.40527847222222224,0.0,0.25
6,kansascitychiefs,2.9730935037906943e-05,0.004786680541103018,-0.13935,0.38362499999999994,0.0,0.14285714285714285
7,denverbroncos,4.663526558783752e-05,0.001259152170871613,-0.5267,0.3158625,0.0,0.5
8,browns,4.0343728567394196e-05,0.0027433735425828054,-0.4728,0.4318537037037037,0.0,0.2
9,commanders,3.363718927646406e-05,0.0025227891957348043,-0.4019,0.32979629629629625,0.0,0.3333333333333333
10,greenbaypackers,3.427709604442312e-05,0.006649756632618084,-0.058053086419753076,0.5859,0.0,0.25
11,miamidolphins,7.959565407728738e-05,0.005691089266526048,-0.03381262626262626,0.71865,0.0,0.13333333333333333
12,falcons,0.00017362618282837052,0.011198888792429898,-0.33183999999999997,0.41205072322675723,0.0,0.2
13,49ers,3.56531660011409e-05,0.008378494010268111,-0.08292578455613425,0.43018750000000006,0.0,0.3
14,steelers,3.0334283807559303e-05,0.0028210883941030152,-0.23934845679012343,0.8338,0.0,0.11538461538461539
15,detroitlions,5.5099454515400294e-05,0.003361066725439418,-0.18872540826296014,0.3977034505208333,0.0,0.10714285714285714
16,colts,4.0781371069695365e-05,0.0011826597610211655,-0.22515,0.6249,0.0,0.25
17,seahawks,4.2392640637585315e-05,0.004875153673322311,-0.5994,0.42961838134430724,0.0,0.07407407407407407
18,saints,0.00017932930838663398,0.011895510789646721,-0.060656884057971,0.40646717411979166,0.0,0.14285714285714285
19,patriots,6.88041832943443e-05,0.004953901197192789,-0.24300764817939816,0.4404,0.0,0.2222222222222222
20,eagles,5.168492867479843e-05,0.006977465371097788,-0.7378,0.45937500000000003,0.0,0.5
21,panthers,4.018323555412682e-05,0.006228401510889657,-0.4019,0.32337037037037036,0.0,0.3333333333333333
22,losangelesrams,4.7049967065023055e-05,0.01416204008657194,-0.34,0.54065,0.0,0.07142857142857142
23,cowboys,0.0002563726926457662,0.002563726926457662,-0.15301944444444446,0.29533019943019945,0.0,0.125
24,nyjets,7.527853056308341e-05,0.00331225534477567,-0.27480006215706443,0.3668107876250792,0.0,0.2
25,chargers,0.00010109179134654265,0.004515433346812239,-0.08928973063973063,0.4074206293296161,0.0,0.16666666666666666
26,texans,8.488964346349746e-05,0.0031409168081494056,-0.1751354365096512,0.33501989615483535,0.0,0.15789473684210525
27,buccaneers,4.114718347529112e-05,0.009011233181088754,-0.5752333333333334,0.5462927777777777,0.0,0.13043478260869565
28,tennesseetitans,2.471882338400692e-05,0.002101099987640588,-0.20150677083333335,0.39890134000000005,0.0,0.18181818181818182
29,nygiants,4.4537478287979335e-05,0.004854585133389748,-0.16211814814814815,0.47430878915180613,0.0,0.2
30,jaguars,2.8354315526823182e-05,0.0030055574458432576,-0.039098036414534514,0.6369,0.0,0.2
31,azcardinals,5.591277606933184e-05,0.005088062622309198,-0.8225,0.8622,0.0,0.25
